title,price,link
Cuba Billete 1 Peso 1959 Bono de la Liberacion CTC UNC,"$20,00",https://www.argcollectibles.com/producto/cuba-billete-1-peso-1959-bono-de-la-liberacion-ctc-unc/
Cuba Billete 1 Peso 1970 Bono Ayuda Liberacion de Nicaragua UNC,"$20,00",https://www.argcollectibles.com/producto/cuba-billete-1-peso-1970-bono-ayuda-liberacion-de-nicaragua-unc/
Cuba Billete 5 Centavos 1980 Bono Dia de la Patria Aporte MTT AU,"$5,00",https://www.argcollectibles.com/producto/cuba-billete-5-centavos-1980-bono-dia-de-la-patria-aporte-mtt-au/
Cuba Billete 50 Centavos 1980 Bono Dia de la Patria Aporte MTT AU,"$5,00",https://www.argcollectibles.com/producto/cuba-billete-50-centavos-1980-bono-dia-de-la-patria-aporte-mtt-au/
Cuba Billete 20 Centavos 1980 Bono Dia de la Patria Aporte MTT AU,"$5,00",https://www.argcollectibles.com/producto/cuba-billete-20-centavos-1980-bono-dia-de-la-patria-aporte-mtt-au/
Cuba Billete 1 Peso 1980 Bono Dia de la Patria Aporte MTT AU (Roto),"$3,00",https://www.argcollectibles.com/producto/cuba-billete-1-peso-1980-bono-dia-de-la-patria-aporte-mtt-au-roto/
Cuba Billete 2 Pesos 1958 Bono 26 de Julio UNC,"$15,00",https://www.argcollectibles.com/producto/cuba-billete-2-pesos-1958-bono-26-de-julio-unc-2/
Cuba Billete 10 Pesos 1958 Bono 26 de Julio UNC,"$50,00",https://www.argcollectibles.com/producto/cuba-billete-10-pesos-1958-bono-26-de-julio-unc/
Cuba Billete 1 Peso 1958 Bono 26 de Julio F+,"$10,00",https://www.argcollectibles.com/producto/cuba-billete-1-peso-1958-bono-26-de-julio-f/
Cuba Billete 1 Peso 1957 Bono 26 de Julio UNC,"$12,00",https://www.argcollectibles.com/producto/cuba-billete-1-peso-1957-bono-26-de-julio-unc/
Cuba Billete 5 Pesos 1957 Bono 26 de Julio AU,"$20,00",https://www.argcollectibles.com/producto/cuba-billete-5-pesos-1957-bono-26-de-julio-au/
Cuba Billete 10 Pesos 1957 Bono 26 de Julio UNC,"$30,00",https://www.argcollectibles.com/producto/cuba-billete-10-pesos-1957-bono-26-de-julio-unc/
Cuba Billete 100 Pesos 1957 Bono 26 de Julio XF-,"$80,00",https://www.argcollectibles.com/producto/cuba-billete-100-pesos-1957-bono-26-de-julio-xf/
Cuba Billete 2 Pesos 1958 Bono 26 de Julio UNC,"$30,00",https://www.argcollectibles.com/producto/cuba-billete-2-pesos-1958-bono-26-de-julio-unc/
Cuba Billete 10 Pesos 1958 Bono 26 de Julio F+,"$20,00",https://www.argcollectibles.com/producto/cuba-billete-10-pesos-1958-bono-26-de-julio-f/
Cuba Billete 3 Pesos 1958 Bono 26 de Julio VF+,"$20,00",https://www.argcollectibles.com/producto/cuba-billete-3-pesos-1958-bono-26-de-julio-vf/
Cuba Billete 1980 Bono Dia de la Defensa Presente Fidel Castro AU,"$20,00",https://www.argcollectibles.com/producto/cuba-billete-1980-bono-dia-de-la-defensa-presente-fidel-castro-au/
Tonga Billete 5 Paanga 2009 P-39 UNC,"$10,00",https://www.argcollectibles.com/producto/tonga-billete-5-paanga-2009-p-39-unc/
San Marino Billete 200 Liras 1976 P-S-102 UNC,"$70,00",https://www.argcollectibles.com/producto/san-marino-billete-200-liras-1976-p-s-102-unc/
San Marino Billete 150 Liras 1976 P-S-101 UNC,"$70,00",https://www.argcollectibles.com/producto/san-marino-billete-150-liras-1976-p-s-101-unc/
Sudafrica Billete 50 Rand 2010 P-130b UNC,"$20,00",https://www.argcollectibles.com/producto/sudafrica-billete-50-rand-2010-p-130b-unc/
Sudafrica Billete 100 Rand 2005 P-131b UNC,"$35,00",https://www.argcollectibles.com/producto/sudafrica-billete-100-rand-2005-p-131b-unc/
Sudafrica Billete 10 Rand 2009 P-128b UNC,"$5,00",https://www.argcollectibles.com/producto/sudafrica-billete-10-rand-2009-p-128b-unc/
Mexico Billete 50 Pesos 2023 P-133 UNC (Polimero),"$6,00",https://www.argcollectibles.com/producto/mexico-billete-50-pesos-2023-p-133-unc-polimero/
Tailandia Billete 100 Baht 2012 P-126 UNC,"$10,00",https://www.argcollectibles.com/producto/tailandia-billete-100-baht-2012-p-126-unc/
El Salvador Billete 1 Colon 1978 P-125a XF (Serie XF),"$8,00",https://www.argcollectibles.com/producto/el-salvador-billete-1-colon-1978-p-125a-xf-serie-xf/
El Salvador Billete 1 Colon 1979 P-125b XF+ (Serie VG),"$8,00",https://www.argcollectibles.com/producto/el-salvador-billete-1-colon-1979-p-125b-xf-serie-vg/
El Salvador Billete 1 Colon 1971 P-115 AU (Serie GW),"$20,00",https://www.argcollectibles.com/producto/el-salvador-billete-1-colon-1971-p-115-au-serie-gw/
El Salvador Billete 1 Colon 1971 P-115 XF+ (Serie GV),"$15,00",https://www.argcollectibles.com/producto/el-salvador-billete-1-colon-1971-p-115-xf-serie-gv/
El Salvador Billete 1 Colon 1978 P-125a XF (Serie XK),"$8,00",https://www.argcollectibles.com/producto/el-salvador-billete-1-colon-1978-p-125a-xf-serie-xk/
El Salvador Billete 1 Colon 1978 P-125a XF (Serie XJ),"$8,00",https://www.argcollectibles.com/producto/el-salvador-billete-1-colon-1978-p-125a-xf-serie-xj/
El Salvador Billete 1 Colon 1977 P-125a AU (Serie TR),"$12,00",https://www.argcollectibles.com/producto/el-salvador-billete-1-colon-1977-p-125a-au-serie-tr/
Argentina Billete 50 Pesos 1975 P-296/BOT-2373 VF+ (Reposicion),"$3,00",https://www.argcollectibles.com/producto/argentina-billete-50-pesos-1975-p-296-bot-2373-vf-reposicion/
Argentina Billete 10 Pesos 1976 P-300/BOT-2362 VF+ (Serie E),"$3,00",https://www.argcollectibles.com/producto/argentina-billete-10-pesos-1976-p-300-bot-2362-vf-serie-e/
Argentina Billete 10 Pesos 1974 P-295/BOT-2351a AU (Serie C),"$1,00",https://www.argcollectibles.com/producto/argentina-billete-10-pesos-1974-p-295-bot-2351a-au-serie-c/
Argentina Billete 10 Pesos 1973 P-295/BOT-2350 AU (Serie C),"$3,00",https://www.argcollectibles.com/producto/argentina-billete-10-pesos-1973-p-295-bot-2350-au-serie-c/
Argentina Billete 10 Pesos 1970 P-289/BOT-2334 AU (Serie A),"$6,00",https://www.argcollectibles.com/producto/argentina-billete-10-pesos-1970-p-289-bot-2334-au-serie-a/
Argentina Billete 5 Pesos 1975 P-294/BOT-2331a AU (Serie B),"$1,00",https://www.argcollectibles.com/producto/argentina-billete-5-pesos-1975-p-294-bot-2331a-au-serie-b/
Argentina Billete 5 Pesos 1973 P-288/BOT-2323 AU (Serie A),"$4,00",https://www.argcollectibles.com/producto/argentina-billete-5-pesos-1973-p-288-bot-2323-au-serie-a/
Guinea Bissau Billete 1.000 Pesos 1990 P-13a UNC,"$5,00",https://www.argcollectibles.com/producto/guinea-bissau-billete-1-000-pesos-1990-p-13a-unc/
Portugal Billete 50 Escudos 1964 P-1968 XF,"$10,00",https://www.argcollectibles.com/producto/portugal-billete-50-escudos-1964-p-1968-xf/
Mexico Billete 10 Pesos 1994 P-105a VF+ (Serie N),"$12,00",https://www.argcollectibles.com/producto/mexico-billete-10-pesos-1994-p-105a-vf-serie-n/
Nepal Billete 5 Rupias 1985 P-23a(3) UNC,"$8,00",https://www.argcollectibles.com/producto/nepal-billete-5-rupias-1985-p-23a3-unc/
Guatemala Billete 10 Quetzales 1992 P-75c F+,"$3,00",https://www.argcollectibles.com/producto/guatemala-billete-10-quetzales-1992-p-75c-f/
Trinidad y Tobago Billete 5 Dolares 1985 P-37d XF+,"$10,00",https://www.argcollectibles.com/producto/trinidad-y-tobago-billete-5-dolares-1985-p-37d-xf/
Peru Billete 50 Soles 1963 P-85 F+ (Manchado),"$8,00",https://www.argcollectibles.com/producto/peru-billete-50-soles-1963-p-85-f-manchado/
Peru Billete 5 Soles 1960 P-76 UNC,"$6,00",https://www.argcollectibles.com/producto/peru-billete-5-soles-1960-p-76-unc/
Peru Billete 10 Soles 1962 P-84 VF+,"$4,00",https://www.argcollectibles.com/producto/peru-billete-10-soles-1962-p-84-vf/
Peru Billete 100 Soles 1976 P-114 AU (Machu Pichu),"$6,00",https://www.argcollectibles.com/producto/peru-billete-100-soles-1976-p-114-au-machu-pichu/
Malawi Billete 500 Kwacha 2021 P-66 UNC,"$1,50",https://www.argcollectibles.com/producto/malawi-billete-500-kwacha-2021-p-66-unc/
Albania Billete 1 Leke 1976 P-40 UNC,"$2,00",https://www.argcollectibles.com/producto/albania-billete-1-leke-1976-p-40-unc/
El Salvador Billete 2 Colones 1972 P-116a F+ (Serie AE),"$25,00",https://www.argcollectibles.com/producto/el-salvador-billete-2-colones-1972-p-116a-f-serie-ae/
El Salvador Billete 10 Colones 1966 P-103 F- (Serie OG),"$25,00",https://www.argcollectibles.com/producto/el-salvador-billete-10-colones-1966-p-103-f-serie-og/
El Salvador Billete 10 Colones 1966 P-103 F (Serie OJ),"$30,00",https://www.argcollectibles.com/producto/el-salvador-billete-10-colones-1966-p-103-f-serie-oj/
El Salvador Billete 5 Colones 1980 P-132A UNC (Serie AL),"$20,00",https://www.argcollectibles.com/producto/el-salvador-billete-5-colones-1980-p-132a-unc-serie-al/
El Salvador Billete 5 Colones 1980 P-132A UNC (Serie AP),"$20,00",https://www.argcollectibles.com/producto/el-salvador-billete-5-colones-1980-p-132a-unc-serie-ap/
Macao Set x 24 Billetes 10 Patacas 2012-2023 P-85-86-87-88 UNC (Zodiaco),"$100,00",https://www.argcollectibles.com/producto/macao-set-x-24-billetes-10-patacas-2012-2023-p-85-86-87-88-unc-zodiaco/
Gambia Set x 6 Billetes 2019 P-37-38-39-40-41 UNC,"$30,00",https://www.argcollectibles.com/producto/gambia-set-x-6-billetes-2019-p-37-38-39-40-41-unc/
Alemania Set x 4 Billetes 1921 25-50-75-100 Pfenning Notgeld Ostpreussen UNC,"$12,00",https://www.argcollectibles.com/producto/alemania-set-x-4-billetes-1921-25-50-75-100-pfenning-notgeld-ostpreussen-unc/
Indochina Set x 4 Billetes 2021 UNC (Fantasia) (Polimero),"$20,00",https://www.argcollectibles.com/producto/indochina-set-x-4-billetes-2021-unc-fantasia-polimero/
Alemania Set x 6 Billetes 1921 25-50-75 Pfenning Notgeld Anhalt UNC,"$18,00",https://www.argcollectibles.com/producto/alemania-set-x-6-billetes-1921-25-50-75-pfenning-notgeld-anhalt-unc/
El Salvador Billete 5 Colones 1977 P-126 AU (Serie LC),"$30,00",https://www.argcollectibles.com/producto/el-salvador-billete-5-colones-1977-p-126-au-serie-lc/
El Salvador Billete 1 Colon 1982 P-133a VF+ (Serie GH),"$6,00",https://www.argcollectibles.com/producto/el-salvador-billete-1-colon-1982-p-133a-vf-serie-gh/
Argentina Billete 100 pesos 2008 P-357/BOT-3726 XF (Serie I),"$10,00",https://www.argcollectibles.com/producto/argentina-billete-100-pesos-2008-p-357-bot-3726-xf-serie-i/
El Salvador Billete 1 Colon 1982 P-133a VF+ (Serie GM),"$6,00",https://www.argcollectibles.com/producto/el-salvador-billete-1-colon-1982-p-133a-vf-serie-gm/
El Salvador Billete 1 Colon 1982 P-133a AU (Serie GD),"$8,00",https://www.argcollectibles.com/producto/el-salvador-billete-1-colon-1982-p-133a-au-serie-gd/
El Salvador Billete 1 Colon 1980 P-125b UNC (Serie QM),"$15,00",https://www.argcollectibles.com/producto/el-salvador-billete-1-colon-1980-p-125b-unc-serie-qm/
El Salvador Billete 1 Colon 1980 P-125b AU (Serie QL),"$8,00",https://www.argcollectibles.com/producto/el-salvador-billete-1-colon-1980-p-125b-au-serie-ql/
El Salvador Billete 1 Colon 1980 P-125b XF (Serie QO),"$8,00",https://www.argcollectibles.com/producto/el-salvador-billete-1-colon-1980-p-125b-xf-serie-qo/
El Salvador Billete 1 Colon 1980 P-125b UNC (Serie ES),"$15,00",https://www.argcollectibles.com/producto/el-salvador-billete-1-colon-1980-p-125b-unc-serie-es/
El Salvador Billete 1 Colon 1980 P-125B XF (Serie ER),"$8,00",https://www.argcollectibles.com/producto/el-salvador-billete-1-colon-1980-p-125b-xf-serie-er/
El Salvador Billete 1 Colon 1979 P-125b UNC (Serie VÑ),"$15,00",https://www.argcollectibles.com/producto/el-salvador-billete-1-colon-1979-p-125b-unc-serie-vn/
El Salvador Billete 1 Colon 1979 P-125b UNC (Serie VR),"$15,00",https://www.argcollectibles.com/producto/el-salvador-billete-1-colon-1979-p-125b-unc-serie-vr/
El Salvador Billete 1 Colon 1979 P-125b UNC (Serie VQ),"$15,00",https://www.argcollectibles.com/producto/el-salvador-billete-1-colon-1979-p-125b-unc-serie-vq/
El Salvador Billete 1 Colon 1979 P-125b XF+ (Serie VT),"$8,00",https://www.argcollectibles.com/producto/el-salvador-billete-1-colon-1979-p-125b-xf-serie-vt/
Malawi Billete 2.000 Kwacha 2024 P-69 UNC,"$5,00",https://www.argcollectibles.com/producto/malawi-billete-2-000-kwacha-2024-p-69-unc/
Sri Lanka Billete 100 Rupias 2005 P-111d UNC,"$4,00",https://www.argcollectibles.com/producto/sri-lanka-billete-100-rupias-2005-p-111d-unc/
Sri Lanka Billete 20 Rupias 2006 P-109e UNC,"$3,00",https://www.argcollectibles.com/producto/sri-lanka-billete-20-rupias-2006-p-109e-unc/
Nepal Billete 1 Rupia 1972 P-16 UNC,"$12,00",https://www.argcollectibles.com/producto/nepal-billete-1-rupia-1972-p-16-unc/
Chile Billete 1 Peso 1943 P-90d VF+ (Serie D),"$12,00",https://www.argcollectibles.com/producto/chile-billete-1-peso-1943-p-90d-vf-serie-d/
Brasil Billete 100.000 Cruzeiros 1992 P-235a/C-227 AU,"$5,00",https://www.argcollectibles.com/producto/brasil-billete-100-000-cruzeiros-1992-p-235a-c-227-au/
Brasil Billete 5 Cruzeiros 1959 P-158e/C-070 XF,"$2,00",https://www.argcollectibles.com/producto/brasil-billete-5-cruzeiros-1959-p-158e-c-070-xf/
Brasil Billete 500.000 Cruzeiros 1993 P-236a/C-231 XF,"$3,00",https://www.argcollectibles.com/producto/brasil-billete-500-000-cruzeiros-1993-p-236a-c-231-xf/
Brasil Billete 1.000 Cruzeiros Reais 1993 P-240/C-238 XF,"$3,00",https://www.argcollectibles.com/producto/brasil-billete-1-000-cruzeiros-reais-1993-p-240-c-238-xf/
Brasil Billete 5.000 Cruzeiros 1990 P-227/C-222 VF,"$1,00",https://www.argcollectibles.com/producto/brasil-billete-5-000-cruzeiros-1990-p-227-c-222-vf/
Brasil Billete 10 Cruzeiros 1950 P-143/C-075 VF,"$5,00",https://www.argcollectibles.com/producto/brasil-billete-10-cruzeiros-1950-p-143-c-075-vf/
Brasil Billete 5 Cruzeiros 1950 P-142/C-065 UNC,"$15,00",https://www.argcollectibles.com/producto/brasil-billete-5-cruzeiros-1950-p-142-c-065-unc/
Brasil Billete 5 Cruzeiros 1950 P-142/C-065 AU,"$10,00",https://www.argcollectibles.com/producto/brasil-billete-5-cruzeiros-1950-p-142-c-065-au/
Brasil Billete 5 Cruzeiros 1950 P-142/C-065 XF-,"$5,00",https://www.argcollectibles.com/producto/brasil-billete-5-cruzeiros-1950-p-142-c-065-xf/
Brasil Billete 100 Cruzeiros 1964 P-170c/C-036 XF,"$5,00",https://www.argcollectibles.com/producto/brasil-billete-100-cruzeiros-1964-p-170c-c-036-xf/
Brasil Billete 100 Cruzeiros 1964 P-170b/C-035 UNC,"$12,00",https://www.argcollectibles.com/producto/brasil-billete-100-cruzeiros-1964-p-170b-c-035-unc/
Brasil Billete 100 Cruzeiros 1964 P-170b/C-035 XF,"$5,00",https://www.argcollectibles.com/producto/brasil-billete-100-cruzeiros-1964-p-170b-c-035-xf/
Argentina Billete 50 Pesos 1960 P-271c/BOT-2003 XF (Serie B),"$20,00",https://www.argcollectibles.com/producto/argentina-billete-50-pesos-1960-p-271c-bot-2003-xf-serie-b/
Argentina Billete 10 Pesos 1970 P-284/BOT-2213 XF+ (Serie E),"$20,00",https://www.argcollectibles.com/producto/argentina-billete-10-pesos-1970-p-284-bot-2213-xf-serie-e/
Argentina Billete 10.000 Pesos 1969 P-281b/BOT-2197 VF+ (Serie B) (Escrito),"$10,00",https://www.argcollectibles.com/producto/argentina-billete-10-000-pesos-1969-p-281b-bot-2197-vf-serie-b-escrito/
Argentina Billete 1.000 Pesos 1967 P-279a/BOT-2164 VF+ (Serie D) (Escrito),"$3,00",https://www.argcollectibles.com/producto/argentina-billete-1-000-pesos-1967-p-279a-bot-2164-vf-serie-d-escrito/
Argentina Billete 50 Pesos 1955 P-271a/BOT-1991 VF+ (Serie B) (Manchado),"$15,00",https://www.argcollectibles.com/producto/argentina-billete-50-pesos-1955-p-271a-bot-1991-vf-serie-b-manchado/
Argentina Billete 100 Pesos 1967 P-272c/BOT-2076 AU (Serie E),"$8,00",https://www.argcollectibles.com/producto/argentina-billete-100-pesos-1967-p-272c-bot-2076-au-serie-e/
Austria Billete 20 Kronen 1919 P-53(2) XF,"$8,00",https://www.argcollectibles.com/producto/austria-billete-20-kronen-1919-p-532-xf/
Austria Billete 10 Kronen 1919 P-51 XF,"$8,00",https://www.argcollectibles.com/producto/austria-billete-10-kronen-1919-p-51-xf/
Alemania Billete 100 Marcos 1922 Notgeld Heidelberg UNC (Specimen),"$80,00",https://www.argcollectibles.com/producto/alemania-billete-100-marcos-1922-notgeld-heidelberg-unc-specimen/
Namibia Billete 200 Dolares 2022 P-15 UNC,"$30,00",https://www.argcollectibles.com/producto/namibia-billete-200-dolares-2022-p-15-unc/
Vietnam Billete 20.000 Dong 2021 P-123 UNC (Polimero),"$25,00",https://www.argcollectibles.com/producto/vietnam-billete-20-000-dong-2021-p-123-unc-polimero/
Israel Billete 20 Nuevos Shekels 2008 P-63 / 60 Aniversario VF+ (Polimero),"$10,00",https://www.argcollectibles.com/producto/israel-billete-20-nuevos-shekels-2008-p-63-60-aniversario-vf-polimero/
Israel Billete 200 Nuevos Shekels 2006 P-62c VF+,"$90,00",https://www.argcollectibles.com/producto/israel-billete-200-nuevos-shekels-2006-p-62c-vf/
Moldavia Billete 10 Leu 1992 P-7 UNC,"$15,00",https://www.argcollectibles.com/producto/moldavia-billete-10-leu-1992-p-7-unc-2/
Botswana Billete 1 Pula 1976 P-1 UNC,"$20,00",https://www.argcollectibles.com/producto/botswana-billete-1-pula-1976-p-1-unc/
Zimbabwe Billete 10 Trillones Dolares 2008 P-88 UNC,"$20,00",https://www.argcollectibles.com/producto/zimbabwe-billete-10-trillones-dolares-2008-p-88-unc-2/
Angola Billete 1.000 Kwanzas 1987 P-121b AU,"$25,00",https://www.argcollectibles.com/producto/angola-billete-1-000-kwanzas-1987-p-121b-au/
Brasil Billete 5.000 Cruzeiros Reis 1993 P-241/C-239 AU,"$20,00",https://www.argcollectibles.com/producto/brasil-billete-5-000-cruzeiros-reis-1993-p-241-c-239-au/
Brasil Billete 500 Cruzeiros 1979 P-196Ab/C-151 UNC,"$60,00",https://www.argcollectibles.com/producto/brasil-billete-500-cruzeiros-1979-p-196ab-c-151-unc/
Brasil Billete 10.000 Cruzeiros 1985 P-203b/C-171 UNC,"$30,00",https://www.argcollectibles.com/producto/brasil-billete-10-000-cruzeiros-1985-p-203b-c-171-unc/
Cuba Billete 100 Pesos 1986 Cheque Viajero AU (Serie A),"$20,00",https://www.argcollectibles.com/producto/cuba-billete-100-pesos-1986-cheque-viajero-au-serie-a/
Uruguay Billete 10 Pesos 1939 P-37b/CR-10.V.10 XF+ (Serie B),"$8,00",https://www.argcollectibles.com/producto/uruguay-billete-10-pesos-1939-p-37b-cr-10-v-10-xf-serie-b/
Peru Billete 50.000 Soles 1984 P-125 UNC,"$25,00",https://www.argcollectibles.com/producto/peru-billete-50-000-soles-1984-p-125-unc/
Peru Billete 500 Soles 1965 P-91 VF,"$20,00",https://www.argcollectibles.com/producto/peru-billete-500-soles-1965-p-91-vf/
Peru Billete 500 Soles 1961 P-80 VF,"$20,00",https://www.argcollectibles.com/producto/peru-billete-500-soles-1961-p-80-vf/
El Salvador Billete 1 Colon 1967 P-108 XF+ (Serie SJ),"$70,00",https://www.argcollectibles.com/producto/el-salvador-billete-1-colon-1967-p-108-xf-serie-sj/
Guatemala Billete 1 Quetzal 1963 P-43e(2) XF,"$50,00",https://www.argcollectibles.com/producto/guatemala-billete-1-quetzal-1963-p-43e2-xf/
Cuba Billlete 5 Pesos 1948 P-70g VG (Certificado de Plata),"$40,00",https://www.argcollectibles.com/producto/cuba-billlete-5-pesos-1948-p-70g-vg-certificado-de-plata/
Mexico Billete 10 Pesos 1913 P-S-234 F+ (Banco Londres),"$60,00",https://www.argcollectibles.com/producto/mexico-billete-10-pesos-1913-p-s-234-f-banco-londres/
Republica Checa Billete 200 Korun 1998 P-19a UNC (Serie C),"$40,00",https://www.argcollectibles.com/producto/republica-checa-billete-200-korun-1998-p-19a-unc-serie-c/
Honduras British (Belice) Billete 2 Dolares 1971 P-29c F+,"$80,00",https://www.argcollectibles.com/producto/honduras-british-belice-billete-2-dolares-1971-p-29c-f/
Iran Billete 200 Rials 1969 P-87a UNC,"$75,00",https://www.argcollectibles.com/producto/iran-billete-200-rials-1969-p-87a-unc/
Islandia Billete 500 Kronur 1961 P-45 AU,"$40,00",https://www.argcollectibles.com/producto/islandia-billete-500-kronur-1961-p-45-au/
El Salvador Billete 1 Colon 1974 P-120 XF (Serie ZK),"$15,00",https://www.argcollectibles.com/producto/el-salvador-billete-1-colon-1974-p-120-xf-serie-zk/
Nicaragua Billete 1/2 Cordoba 1992 P-172 UNC,"$8,00",https://www.argcollectibles.com/producto/nicaragua-billete-1-2-cordoba-1992-p-172-unc/
Argentina Billete 200 pesos 2021 P-364/BOT-5613 UNC (Serie G),"$2,00",https://www.argcollectibles.com/producto/argentina-billete-200-pesos-2021-p-364-bot-5613-unc-serie-g/
Vanuatu Billete 200 Vatu 2020 P-12 UNC (Polimero),"$7,00",https://www.argcollectibles.com/producto/vanuatu-billete-200-vatu-2020-p-12-unc-polimero/
Fiji Billete 2 Dolares 2011 P-109b UNC,"$7,00",https://www.argcollectibles.com/producto/fiji-billete-2-dolares-2011-p-109b-unc/
Kuwait Billete 1/4 Dinar 1994 P-23f UNC,"$6,00",https://www.argcollectibles.com/producto/kuwait-billete-1-4-dinar-1994-p-23f-unc/
Bangladesh Billete 25 Taka 2013 P-62 UNC,"$5,00",https://www.argcollectibles.com/producto/bangladesh-billete-25-taka-2013-p-62-unc/
Emiratos Arabes Billete 5 Dirhams 2007 P-19d UNC,"$10,00",https://www.argcollectibles.com/producto/emiratos-arabes-billete-5-dirhams-2007-p-19d-unc/
Argelia Billete 200 Dirham 1983 P-135 VF+,"$6,00",https://www.argcollectibles.com/producto/argelia-billete-200-dirham-1983-p-135-vf/
España (Bilbao) Billete 5 Pesetas 1936 P-S-551 F+,"$15,00",https://www.argcollectibles.com/producto/espana-bilbao-billete-5-pesetas-1936-p-s-551-f/
Rwanda Billete 500 Francos 2013 P-38 UNC,"$3,00",https://www.argcollectibles.com/producto/rwanda-billete-500-francos-2013-p-38-unc/
Malawi Billete 1 Kwacha 1992 P-23 UNC,"$10,00",https://www.argcollectibles.com/producto/malawi-billete-1-kwacha-1992-p-23-unc/
Brasil Billete 200 Cruzeiros 1964 P-171c/C-043 AU,"$10,00",https://www.argcollectibles.com/producto/brasil-billete-200-cruzeiros-1964-p-171c-c-043-au/
Brasil Billete 100 Cruzeiros 1961 P-170a/C-034 XF,"$6,00",https://www.argcollectibles.com/producto/brasil-billete-100-cruzeiros-1961-p-170a-c-034-xf/
Argentina Billete 1 Austral 1985 P-323a/BOT-2801a UNC (Serie A),"$2,00",https://www.argcollectibles.com/producto/argentina-billete-1-austral-1985-p-323a-bot-2801a-unc-serie-a/
Argentina Billete 1 Austral 1985 P-323a/BOT-2801 UNC (Serie A),"$4,00",https://www.argcollectibles.com/producto/argentina-billete-1-austral-1985-p-323a-bot-2801-unc-serie-a/
Zimbabwe Billete 50 Trillones de Dolares 2008 P-90 UNC (Certificado),"$120,00",https://www.argcollectibles.com/producto/zimbabwe-billete-50-trillones-de-dolares-2008-p-90-unc-certificado-2/
El Salvador Billete 50 Colones 1995 P-143a UNC (Serie GB) (Certificado),"$250,00",https://www.argcollectibles.com/producto/el-salvador-billete-50-colones-1995-p-143a-unc-serie-gb-certificado/
Argentina Billete 50 Pesos 1937 P-254/BOT-1889 F+ (Serie D),"$50,00",https://www.argcollectibles.com/producto/argentina-billete-50-pesos-1937-p-254-bot-1889-f-serie-d/
Argentina Billete 100 Pesos 1971 P-291/BOT-2384 UNC (Reposicion),"$150,00",https://www.argcollectibles.com/producto/argentina-billete-100-pesos-1971-p-291-bot-2384-unc-reposicion/
Chile Billete 280 Test Note 2023 Casa de la Moneda UNC (Mujeres Valiosas),"$40,00",https://www.argcollectibles.com/producto/chile-billete-280-test-note-2023-casa-de-la-moneda-unc-mujeres-valiosas/
El Salvador Billete 25 Colones 1999 P-155 AU (Serie O),"$80,00",https://www.argcollectibles.com/producto/el-salvador-billete-25-colones-1999-p-155-au-serie-o-2/
Argentina Billete 200 pesos 2020 P-364/BOT-5615 UNC (Reposicion),"$15,00",https://www.argcollectibles.com/producto/argentina-billete-200-pesos-2020-p-364-bot-5615-unc-reposicion/
Peru Billete 50.000 Soles 1984 P-125 AU,"$15,00",https://www.argcollectibles.com/producto/peru-billete-50-000-soles-1984-p-125-au/
Escocia Billete 5 Pounds 2005 P-364 / 500 Aniversario Surgeons UNC,"$30,00",https://www.argcollectibles.com/producto/escocia-billete-5-pounds-2005-p-364-500-aniversario-surgeons-unc/
Argentina Billete 20 Pesos 2004 P-355/BOT-3514 UNC (Serie B),"$25,00",https://www.argcollectibles.com/producto/argentina-billete-20-pesos-2004-p-355-bot-3514-unc-serie-b/
Argentina Billete 20 Pesos 2008 P-355/BOT-3520 UNC (Serie C),"$10,00",https://www.argcollectibles.com/producto/argentina-billete-20-pesos-2008-p-355-bot-3520-unc-serie-c/
Argentina Billete 10 pesos 2009 P-354/BOT-3431 UNC (Serie J),"$4,00",https://www.argcollectibles.com/producto/argentina-billete-10-pesos-2009-p-354-bot-3431-unc-serie-j/
Argentina Billete 10 Pesos 1998 P-348/BOT-3401 UNC (Serie A),"$25,00",https://www.argcollectibles.com/producto/argentina-billete-10-pesos-1998-p-348-bot-3401-unc-serie-a/
Argentina Billete 20 Pesos 1992 P-343a/BOT-3051 XF+ (Serie A),"$25,00",https://www.argcollectibles.com/producto/argentina-billete-20-pesos-1992-p-343a-bot-3051-xf-serie-a/
Argentina Billete 10 Pesos 1995 P-342b/BOT-3045 VF (Serie D),"$5,00",https://www.argcollectibles.com/producto/argentina-billete-10-pesos-1995-p-342b-bot-3045-vf-serie-d/
Argentina Billete 10 Pesos 1994 P-342b/BOT-3042 VF (Serie B),"$4,00",https://www.argcollectibles.com/producto/argentina-billete-10-pesos-1994-p-342b-bot-3042-vf-serie-b/
Argentina Billete 1 Peso 1993 P-339b/BOT-3006 XF+ (Serie B),"$2,00",https://www.argcollectibles.com/producto/argentina-billete-1-peso-1993-p-339b-bot-3006-xf-serie-b/
Argentina Billete 100 Australes 1989 P-327b/BOT-2843 UNC (Serie B),"$2,00",https://www.argcollectibles.com/producto/argentina-billete-100-australes-1989-p-327b-bot-2843-unc-serie-b/
Argentina Billete 10 Australes 1985 P-322/BOT-2705 XF+ (Serie A),"$5,00",https://www.argcollectibles.com/producto/argentina-billete-10-australes-1985-p-322-bot-2705-xf-serie-a/
Argentina Billete 10 Australes 1985 P-322/BOT-2705 VF+ (Serie A),"$2,00",https://www.argcollectibles.com/producto/argentina-billete-10-australes-1985-p-322-bot-2705-vf-serie-a/
Argentina Billete 1.000 Pesos 1984 P-317b/BOT-2634 UNC (Serie D),"$3,00",https://www.argcollectibles.com/producto/argentina-billete-1-000-pesos-1984-p-317b-bot-2634-unc-serie-d/
Argentina Billete 50 Pesos 1985 P-314/BOT-2619a AU (Serie A),"$1,00",https://www.argcollectibles.com/producto/argentina-billete-50-pesos-1985-p-314-bot-2619a-au-serie-a/
Argentina Billete 10.000 Pesos 1977 P-306a/BOT-2489 XF+ (Reposicion),"$8,00",https://www.argcollectibles.com/producto/argentina-billete-10-000-pesos-1977-p-306a-bot-2489-xf-reposicion/
Argentina Billete 10.000 Pesos 1978 P-306/BOT-2488 UNC (Serie F),"$5,00",https://www.argcollectibles.com/producto/argentina-billete-10-000-pesos-1978-p-306-bot-2488-unc-serie-f/
Argentina Billete 10.000 Pesos 1978 P-306/BOT-2486 UNC (Serie E),"$5,00",https://www.argcollectibles.com/producto/argentina-billete-10-000-pesos-1978-p-306-bot-2486-unc-serie-e/
Argentina Billete 10.000 Pesos 1977 P-306/BOT-2482 UNC (Serie B),"$8,00",https://www.argcollectibles.com/producto/argentina-billete-10-000-pesos-1977-p-306-bot-2482-unc-serie-b/
Argentina Billete 5.000 Pesos 1980 P-305a/BOT-2469a XF (Serie A),"$8,00",https://www.argcollectibles.com/producto/argentina-billete-5-000-pesos-1980-p-305a-bot-2469a-xf-serie-a-2/
Argentina Billete 1.000 Pesos 1979 P-304b/BOT-2449a UNC (Serie E),"$2,00",https://www.argcollectibles.com/producto/argentina-billete-1-000-pesos-1979-p-304b-bot-2449a-unc-serie-e/
Argentina Billete 500 Pesos 1979 P-303b/BOT-2427a UNC (Serie B),"$2,00",https://www.argcollectibles.com/producto/argentina-billete-500-pesos-1979-p-303b-bot-2427a-unc-serie-b/
Argentina Billete 500 Pesos 1978 P-303a/BOT-2423 UNC (Serie A),"$2,00",https://www.argcollectibles.com/producto/argentina-billete-500-pesos-1978-p-303a-bot-2423-unc-serie-a/
Argentina Billete 100 Pesos 1978 P-302b/BOT-2409a UNC (Serie D),"$2,00",https://www.argcollectibles.com/producto/argentina-billete-100-pesos-1978-p-302b-bot-2409a-unc-serie-d/
Argentina Billete 100 Pesos 1978 P-302a/BOT-2409 AU (Serie D),"$3,00",https://www.argcollectibles.com/producto/argentina-billete-100-pesos-1978-p-302a-bot-2409-au-serie-d/
Argentina Billete 100 Pesos 1975 P-297/BOT-2398a AU (Serie B),"$4,00",https://www.argcollectibles.com/producto/argentina-billete-100-pesos-1975-p-297-bot-2398a-au-serie-b/
Argentina Billete 50 Pesos 1978 P-301b/BOT-2380a UNC (Serie B),"$5,00",https://www.argcollectibles.com/producto/argentina-billete-50-pesos-1978-p-301b-bot-2380a-unc-serie-b/
El Salvador Billete 100 Colones 1965 P-107 VF- (Serie DZ),"$80,00",https://www.argcollectibles.com/producto/el-salvador-billete-100-colones-1965-p-107-vf-serie-dz/
El Salvador Billete 100 Colones 1993 P-140 XF (Serie BV),"$80,00",https://www.argcollectibles.com/producto/el-salvador-billete-100-colones-1993-p-140-xf-serie-bv/
El Salvador Billete 100 Colones 1997 P-151a XF (Serie G),"$70,00",https://www.argcollectibles.com/producto/el-salvador-billete-100-colones-1997-p-151a-xf-serie-g/
Suecia Billete 100 Kronor 2016 P-71c UNC (Greta Garbo),"$30,00",https://www.argcollectibles.com/producto/suecia-billete-100-kronor-2016-p-71c-unc-greta-garbo/
Suiza Billete 1.000 Francos 1967 P-52h(3) VF+,"$500,00",https://www.argcollectibles.com/producto/suiza-billete-1-000-francos-1967-p-52h3-vf/
Suiza Billete 100 Francos 1971 P-49m(3) AU,"$200,00",https://www.argcollectibles.com/producto/suiza-billete-100-francos-1971-p-49m3-au/
Indochina Francesa Billete 10 Piastres 1953 P-96as UNC (Certificado) (Specimen),"$550,00",https://www.argcollectibles.com/producto/indochina-francesa-billete-10-piastres-1953-p-96as-unc-certificado-specimen/
Indochina Francesa Billete 1 Piastre 1954 P-100s UNC (Certificado) (Specimen),"$550,00",https://www.argcollectibles.com/producto/indochina-francesa-billete-1-piastre-1954-p-100s-unc-certificado-specimen/
Macao Billete 1.000 Patacas 1995 P-95 UNC (Certificado),"$450,00",https://www.argcollectibles.com/producto/macao-billete-1-000-patacas-1995-p-95-unc-certificado/
Chile Billete 5 Pesos 1884 P-S-137 UNC (Proof) (Banco Caupolican),"$800,00",https://www.argcollectibles.com/producto/chile-billete-5-pesos-1884-p-s-137-unc-proof-banco-caupolican/
Uruguay Billete 50 Centesimos 1934 P-201/R#8.II.3 XF-,"$150,00",https://www.argcollectibles.com/producto/uruguay-billete-50-centesimos-1934-p-201-r8-ii-3-xf/
India Set 6 Billetes 10-20-50-100-200-500 Rupias 2018-2021 P-109/110/111/112/113/114 UNC (Numero Bajo),"$400,00",https://www.argcollectibles.com/producto/india-set-6-billetes-10-20-50-100-200-500-rupias-2018-2021-p-109-110-111-112-113-114-unc-numero-bajo/
Eslovaquia Billete 5 Korun 1945 P-8 AU,"$800,00",https://www.argcollectibles.com/producto/eslovaquia-billete-5-korun-1945-p-8-au/
Brasil Billete 500 Cruzeiros 1943 No Emitido Proof (Back),"$150,00",https://www.argcollectibles.com/producto/brasil-billete-500-cruzeiros-1943-no-emitido-proof-back/
Alemania Billete 100 Marcos 1970 P-34a UNC,"$200,00",https://www.argcollectibles.com/producto/alemania-billete-100-marcos-1970-p-34a-unc/
Brasil Billete 2.000 Reis 1870 P-A245-R-021 F,"$150,00",https://www.argcollectibles.com/producto/brasil-billete-2-000-reis-1870-p-a245-r-021-f/
"Paraguay Billete 0,50 Centavos 1886 P-S-144 F","$200,00",https://www.argcollectibles.com/producto/paraguay-billete-050-centavos-1886-p-s-144-f/
Estados Unidos USA Billete 1 Dolar 1935 A P-416AY XF (Norte de Africa Sicilia),"$150,00",https://www.argcollectibles.com/producto/estados-unidos-usa-billete-1-dolar-1935-a-p-416ay-xf-norte-de-africa-sicilia/
Brasil Billete 2 Reales 2010 P-252 UNC (Error de Corte),"$60,00",https://www.argcollectibles.com/producto/brasil-billete-2-reales-2010-p-252-unc-error-de-corte-2/
Brasil Billete 5 Reales 2010 P-253 UNC (Error de Corte),"$60,00",https://www.argcollectibles.com/producto/brasil-billete-5-reales-2010-p-253-unc-error-de-corte/
Brasil Billete 2 Reales 2010 P-252 UNC (Error de Corte),"$100,00",https://www.argcollectibles.com/producto/brasil-billete-2-reales-2010-p-252-unc-error-de-corte/
Uruguay Billete 4 Centesimos 1887 P-S161 VG (Banco de Credito Auxiliar) (Numero Bajo Firmado),"$100,00",https://www.argcollectibles.com/producto/uruguay-billete-4-centesimos-1887-p-s161-vg-banco-de-credito-auxiliar-numero-bajo-firmado/
Republica CentroAfricana Billete 1.000 Francos 1985 P-15 UNC,"$150,00",https://www.argcollectibles.com/producto/republica-centroafricana-billete-1-000-francos-1985-p-15-unc/
Somalia Billete 5 Shillin 1975 P-17 UNC,"$100,00",https://www.argcollectibles.com/producto/somalia-billete-5-shillin-1975-p-17-unc/
Caribe del Este Billete 5 Dolares 2008 P-47 XF,"$4,00",https://www.argcollectibles.com/producto/caribe-del-este-billete-5-dolares-2008-p-47-xf-2/
Austria Billete 1 Shilling 1944 P-103 VF+ (Ocupacion Aliada),"$5,00",https://www.argcollectibles.com/producto/austria-billete-1-shilling-1944-p-103-vf-ocupacion-aliada-2/
Alemania Billete 2.000.000 Marcos 1923 P-S-1012 XF (Reichsbahn),"$3,00",https://www.argcollectibles.com/producto/alemania-billete-2-000-000-marcos-1923-p-s-1012-xf-reichsbahn-2/
Andorra Billete 5 Pesetas 1936 P-3 F (F15NET),"$250,00",https://www.argcollectibles.com/producto/andorra-billete-5-pesetas-1936-p-3-f-f15net-2/
España Billete 50 Centavos 1937 P-93 VF+,"$3,00",https://www.argcollectibles.com/producto/espana-billete-50-centavos-1937-p-93-vf-2/
Francia Billete 50 Sols 1793 F+,"$10,00",https://www.argcollectibles.com/producto/francia-billete-50-sols-1793-f/
Japon Billete Hansatsu 1759-1871 Dinero Feudal VF,"$20,00",https://www.argcollectibles.com/producto/japon-billete-hansatsu-1759-1871-dinero-feudal-vf/
Rhodesia Billete 5 Dolares 1978 P-36b XF+,"$60,00",https://www.argcollectibles.com/producto/rhodesia-billete-5-dolares-1978-p-36b-xf/
Portugal Billete 1 Escudo 1920 P-113 F,"$40,00",https://www.argcollectibles.com/producto/portugal-billete-1-escudo-1920-p-113-f/
Suiza Billete 20 Franchi 1942 P-39I(1) F+,"$40,00",https://www.argcollectibles.com/producto/suiza-billete-20-franchi-1942-p-39i1-f/
Guinea Bissau Billete 100 Pesos 1975 P-2 AU,"$50,00",https://www.argcollectibles.com/producto/guinea-bissau-billete-100-pesos-1975-p-2-au/
Siria Billete 5 Piastres 1942 P-49 VF,"$30,00",https://www.argcollectibles.com/producto/siria-billete-5-piastres-1942-p-49-vf/
Costa Rica Billete 2 Colones 1967 P-235 VF,"$30,00",https://www.argcollectibles.com/producto/costa-rica-billete-2-colones-1967-p-235-vf/
China Billete 10 Yuan 1944 J-80 F+ (Ocupacion Japonesa),"$30,00",https://www.argcollectibles.com/producto/china-billete-10-yuan-1944-j-80-f-ocupacion-japonesa/
Rumania Billete 100 Lei 1947 P-67 VF+,"$55,00",https://www.argcollectibles.com/producto/rumania-billete-100-lei-1947-p-67-vf/
Ucrania Billete 5 Karbowanez 1942 P-51 VF (Ocupacion Nazi),"$30,00",https://www.argcollectibles.com/producto/ucrania-billete-5-karbowanez-1942-p-51-vf-ocupacion-nazi/
Vietnam Billete 500.000 Dong 2017 P-124 AU (Polimero),"$40,00",https://www.argcollectibles.com/producto/vietnam-billete-500-000-dong-2017-p-124-au-polimero/
Ucrania Billete 10 Karbowanez 1942 P-52 F+ (Ocupacion Nazi),"$30,00",https://www.argcollectibles.com/producto/ucrania-billete-10-karbowanez-1942-p-52-f-ocupacion-nazi/
Cuba Billete 20 Pesos 1945 P-72f VF (Certificado de Plata),"$250,00",https://www.argcollectibles.com/producto/cuba-billete-20-pesos-1945-p-72f-vf-certificado-de-plata/
Letonia Billete 5 Rubli 1919 P-3a F-,"$500,00",https://www.argcollectibles.com/producto/letonia-billete-5-rubli-1919-p-3a-f/
Lituania Billete 50 Litu 1928 P-24 F+,"$100,00",https://www.argcollectibles.com/producto/lituania-billete-50-litu-1928-p-24-f/
España Billete 500 Pesetas 1928 P-77 VF+,"$40,00",https://www.argcollectibles.com/producto/espana-billete-500-pesetas-1928-p-77-vf-2/
Arabia Saudita Billete 50 Riyals 1983 P-24b UNC,"$60,00",https://www.argcollectibles.com/producto/arabia-saudita-billete-50-riyals-1983-p-24b-unc/
China Billete 5 Dolares 1930 P-200e UNC,"$50,00",https://www.argcollectibles.com/producto/china-billete-5-dolares-1930-p-200e-unc/
Brunei Billete 1 Ringgit 1985 P-6c UNC,"$12,00",https://www.argcollectibles.com/producto/brunei-billete-1-ringgit-1985-p-6c-unc/
Siria Billete 1 Pound 1977 P-99 UNC,"$40,00",https://www.argcollectibles.com/producto/siria-billete-1-pound-1977-p-99-unc/
